student,220111,1.11111E+17,CSV学生1,123456,19012127754,220001@fudan.edu.cn,studying,软件工程,软件学院
student,220112,1.11111E+17,CSV学生2,123456,17869897754,220002@fudan.edu.cn,studying,计算机科学与技术,计算机科学技术学院
teacher,22000113,1.11111E+17,CSV老师1,123456,13111702898,220003@fudan.edu.cn,working,软件工程,软件学院
teacher,22000114,1.11111E+17,CSV老师2,123456,19850336668,wwen75421@qq.com,working,软件工程,软件学院
